record_id,book_id,title,author,category,status
R0001,B0121,Long and anything,Aaron Thomas,Artificial Intelligence,Available
R0002,B0398,Assume ahead,Emily Soto,Programming,Available
R0003,B0155,Worker school TV,Melissa Todd,Literature,Borrowed
R0004,B0134,Type southern,Patrick Fritz,Computer Science,Available
R0005,B0210,Talk experience respond fish,Larry Phillips,Artificial Intelligence,Borrowed
R0006,B0006,Lawyer show,Zachary Spencer,Literature,Available
R0007,B0280,First control democratic rather trouble,Lauren Mueller,Programming,Available
R0008,B0410,Leave work phone,Logan Kramer,Computer Science,Available
R0009,B0269,Ability analysis,John Snyder,Mathematics,Available
R0010,B0124,Partner they push,Dylan Russell,Literature,Available
R0011,B0310,Could identify industry factor,Jennifer Gray,History,Available
R0012,B0124,Partner they push,Dylan Russell,Literature,Available
R0013,B0140,Training organization real,Miranda Spencer,Computer Science,Available
R0014,B0468,Like wonder,Eugene Holmes,Literature,Available
R0015,B0064,Myself happy prevent likely,Jessica Rivera,Literature,Borrowed
R0016,B0152,Hair organization five,Sheila Smith,History,Borrowed
R0017,B0341,Catch project,Joanna Watkins,Literature,Borrowed
R0018,B0399,Statement across quite,Caroline Edwards,Programming,Available
R0019,B0339,Home sell concern economy,Meagan Garcia,Computer Science,Borrowed
R0020,B0056,White whatever face,Julia Olson,Artificial Intelligence,Available
R0021,B0300,Believe finish debate there,Ronald Frank,Computer Science,Borrowed
R0022,B0118,Describe better exist into,David Lopez,Literature,Available
R0023,B0215,Admit network city few,Keith Maddox,Programming,Borrowed
R0025,B0408,Indeed stop amount,Samuel Mullins,Mathematics,Available
R0026,B0263,Smile leg,Lauren Lowe,Mathematics,Available
R0027,B0027,Picture we,Deborah Carter,Artificial Intelligence,Available
R0028,B0013,Set spend century despite,Evan Cantrell,Mathematics,Available
R0029,B0323,Local her building individual,Melanie Perez,History,Borrowed
R0030,B0303,Record give break also with,Lori Stone,Mathematics,Borrowed
R0031,B0281,Work season watch,Steven Thompson,Artificial Intelligence,Borrowed
R0032,B0349,Person forget,Brent Davis,Mathematics,Available
R0033,B0054,Enough get expect,Aaron Wilkins,Literature,Available
R0034,B0135,Responsibility TV firm be service,Sarah Johnson,Computer Science,Available
R0035,B0212,Protect off baby,Angela Mccarty,Mathematics,Available
R0036,B0005,I suggest message,Margaret Mcdonald,Programming,Available
R0037,B0473,Theory avoid media grow so,Jonathan Diaz,Literature,Available
R0038,B0372,Those major,Rachael Stanley,Computer Science,Borrowed
R0039,B0234,Cost maintain difference stage,Christopher Poole,History,Available
R0040,B0487,Instead already through,Jennifer Hubbard,Programming,Borrowed
R0041,B0081,Book protect relationship contain,Amy Anderson,Literature,Available
R0042,B0170,Government back city,Ricky Scott,Science,Borrowed
R0043,B0073,Area pay beat kind,Taylor Ramirez,Mathematics,Available
R0044,B0288,Be player then practice ball,Terry Hawkins,Literature,Available
R0045,B0116,Security recently cold,Amy Gomez,Artificial Intelligence,Available
R0046,B0265,Develop teach too little,Kevin Ellis,Programming,Available
R0047,B0459,Less but need whether,Jennifer Parker,History,Borrowed
R0048,B0093,Stage fact hour necessary they,Jamie Clark,History,Available
R0049,B0114,Sing money relate husband,Levi Mills,Literature,Borrowed
R0050,B0436,Vote account lay strong,Olivia Bailey,History,Available
R0051,B0003,Set increase everyone,Laura Gonzalez,History,Available
R0052,B0140,Training organization real,Miranda Spencer,Computer Science,Available
R0053,B0493,Again include most large,Justin Jones,Artificial Intelligence,Available
R0054,B0340,Today property,John Chavez,Programming,Available
R0055,B0361,Fire task,Justin Johnson,Artificial Intelligence,Borrowed
R0056,B0371,Management method rise,Danielle Walker,Artificial Intelligence,Available
R0057,B0388,Speak enough respond democratic city,Lori Ferguson,Computer Science,Available
R0058,B0112,Teach attorney future every,Amy Strickland,History,Available
R0059,B0070,Education shake,Kimberly Williams,Computer Science,Available
R0060,B0192,Data exist power can,Crystal Griffith,Science,Available
R0061,B0050,Forget leave serious,Allen Roberson,History,Available
R0062,B0109,Result hundred box rock political,Robert Mcmahon,History,Borrowed
R0063,B0164,Goal professor leader never amount,Pamela Reeves,Literature,Available
R0064,B0152,Hair organization five,Sheila Smith,History,Borrowed
R0065,B0279,Left stuff decide different,James Rogers,Computer Science,Available
R0066,B0103,Increase series citizen there boy,Jennifer Schmidt,Computer Science,Borrowed
R0067,B0430,Set outside campaign,Michael Morgan,Computer Science,Borrowed
R0068,B0207,Specific cup,Michael Bond,Literature,Borrowed
R0069,B0377,Assume pressure nothing,Jessica Willis,Artificial Intelligence,Available
R0070,B0231,Customer trip forget,Kristopher Stewart,Literature,Available
R0071,B0463,Financial some,Daniel Freeman,Science,Borrowed
R0072,B0174,Second home interview leave,Michael Sanders,Computer Science,Borrowed
R0073,B0080,Pm glass,Jordan Weeks,Computer Science,Available
R0074,B0305,Energy statement,Timothy Kemp,History,Available
R0075,B0466,Explain large mean base security,Maureen Galvan,Programming,Available
R0076,B0453,Thus nothing wife seek,James Clark,Artificial Intelligence,Available
R0077,B0409,Message there piece strategy away,Courtney Gutierrez,History,Available
R0078,B0182,Child nothing give its east,Lindsay Mendoza,Literature,Borrowed
R0079,B0180,Appear star situation,Bobby Ryan,Science,Available
R0080,B0066,Office forget save,Victoria Shepherd,Programming,Available
R0081,B0472,Produce trouble join point,John Vaughn,Artificial Intelligence,Borrowed
R0082,B0490,With personal gun lay bag,Linda Lee,Literature,Borrowed
R0083,B0231,Customer trip forget,Kristopher Stewart,Literature,Available
R0084,B0204,Matter spring approach,Savannah Johnson,History,Borrowed
R0085,B0427,Outside despite,Patrick Hansen,Artificial Intelligence,Available
R0086,B0045,Ok full mouth current,Jennifer Gonzalez,Literature,Available
R0087,B0467,Good report task,Felicia Rowland,History,Available
R0088,B0351,Trip will sell lay serve,Nathan Jimenez,Programming,Borrowed
R0089,B0391,Building protect significant knowledge,Jeanne Heath,Artificial Intelligence,Available
R0090,B0468,Like wonder,Eugene Holmes,Literature,Available
R0091,B0319,Training art learn begin,Scott Stanley,Mathematics,Available
R0092,B0361,Fire task,Justin Johnson,Artificial Intelligence,Borrowed
R0093,B0446,Example anything capital investment after,Calvin Harmon DVM,History,Borrowed
R0094,B0168,Day add result exactly give,William Wolfe,Programming,Borrowed
R0095,B0310,Could identify industry factor,Jennifer Gray,History,Available
R0096,B0195,Nation avoid account,Cassandra Jones,Artificial Intelligence,Available
R0097,B0492,Drop magazine should rate,Jessica Espinoza,Mathematics,Available
R0098,B0475,May pay face brother company,Ronald Nguyen,History,Borrowed
R0099,B0132,Grow general offer,Victoria Wise,History,Available
R0100,B0236,State happen,Lisa Carroll,Science,Borrowed
R0101,B0223,Language right herself rise town,Gary Davis,Programming,Borrowed
R0102,B0286,Activity authority speech base,Christopher Perry,Computer Science,Available
R0103,B0423,Continue memory employee trouble,Michael Riley,Literature,Borrowed
R0104,B0325,Economic sell operation,Mary Marsh,Literature,Available
R0105,B0216,Pressure certain entire option page,Jeffrey Munoz,Computer Science,Available
R0106,B0335,Sometimes me clear,Gina Braun,Artificial Intelligence,Available
R0107,B0197,Receive man behind,John Randall,History,Available
R0108,B0444,Prove idea care,Dorothy Padilla,Computer Science,Available
R0109,B0281,Work season watch,Steven Thompson,Artificial Intelligence,Borrowed
R0110,B0486,Good behind staff what,Devin Randall,History,Available
R0111,B0302,Small response option different,Robert Myers,History,Available
R0112,B0050,Forget leave serious,Allen Roberson,History,Available
R0113,B0227,Think bring truth everyone,Gary Mcmahon,Artificial Intelligence,Borrowed
R0114,B0080,Pm glass,Jordan Weeks,Computer Science,Available
R0115,B0363,Them suggest according hair beautiful,Christopher King,Computer Science,Borrowed
R0116,B0012,Should citizen teach,Richard Anderson,Computer Science,Available
R0117,B0456,Letter above cause,Michael Edwards,Mathematics,Available
R0118,B0095,Yourself example,Eric Rojas,Artificial Intelligence,Available
R0119,B0083,Next who nothing,Michael Carter,History,Borrowed
R0120,B0395,Kind western,Samantha Thompson,Mathematics,Available
R0121,B0131,Bed everyone,Devin Brown,History,Borrowed
R0122,B0030,Trial study turn beyond,Angela Jordan,Artificial Intelligence,Available
R0123,B0412,Add several clear,Sarah Duran,Computer Science,Available
R0124,B0456,Letter above cause,Michael Edwards,Mathematics,Available
R0125,B0093,Stage fact hour necessary they,Jamie Clark,History,Available
R0126,B0283,Draw point until,Lee Perkins,History,Available
R0127,B0486,Good behind staff what,Devin Randall,History,Available
R0128,B0302,Small response option different,Robert Myers,History,Available
R0129,B0001,Per difficult growth director,Jonathan Johnson,History,Available
R0130,B0047,His difference,Elizabeth Johnson,Mathematics,Available
R0131,B0298,Couple oil you experience,Amber Velasquez,Computer Science,Borrowed
R0132,B0482,Become stock decide want,Cory Thomas,Mathematics,Borrowed
R0133,B0252,Father morning line form,Robert Hampton,Science,Available
R0134,B0477,Road end,Bob Davis,Computer Science,Available
R0135,B0148,Stuff party out,Michael Hall,History,Available
R0136,B0499,Key family speech,Tara Powers,History,Available
R0137,B0201,Window task ten main goal,Allison Jones,History,Available
R0138,B0425,Single near director same some,Kimberly Cruz,Artificial Intelligence,Available
R0139,B0277,Difference range what physical,Curtis Kent,Literature,Available
R0140,B0490,With personal gun lay bag,Linda Lee,Literature,Borrowed
R0141,B0337,Last pass money,David Spencer,Literature,Borrowed
R0142,B0258,Usually man,Suzanne Fitzgerald,Artificial Intelligence,Borrowed
R0143,B0391,Building protect significant knowledge,Jeanne Heath,Artificial Intelligence,Available
R0144,B0459,Less but need whether,Jennifer Parker,History,Borrowed
R0145,B0024,Morning shoulder future,Kevin Gray,Artificial Intelligence,Borrowed
R0146,B0156,Unit standard,Tammie Trujillo,Computer Science,Available
R0147,B0406,Read get,Lydia Hays,Mathematics,Available
R0148,B0083,Next who nothing,Michael Carter,History,Borrowed
R0149,B0053,But ok physical run enough,Mark Davis,Computer Science,Available
R0150,B0022,Energy rule actually guess,Justin Odonnell,Science,Available
R0151,B0296,Series why,Melissa Gregory,Literature,Borrowed
R0152,B0373,Say maintain example,Melissa Bailey,Science,Borrowed
R0153,B0449,Center husband public,Robyn Marquez,Computer Science,Available
R0154,B0419,None work marriage,Elizabeth Guerrero,Computer Science,Available
R0155,B0485,Catch agree natural will,Mary Boyd,Artificial Intelligence,Available
R0156,B0257,Sell long store common seven,Emily Rogers,Science,Available
R0157,B0018,Factor scene picture high,Kayla Campbell,Computer Science,Available
R0158,B0380,Serve product,Natasha Harrison,Computer Science,Available
R0159,B0083,Next who nothing,Michael Carter,History,Borrowed
R0160,B0207,Specific cup,Michael Bond,Literature,Borrowed
R0161,B0265,Develop teach too little,Kevin Ellis,Programming,Available
R0162,B0324,Record recent interesting,Kimberly Jennings,Artificial Intelligence,Available
R0163,B0077,Trip too scientist camera vote,Ryan Pratt,Mathematics,Available
R0164,B0418,Reflect card offer interview,Jonathan Coleman,Literature,Available
R0165,B0457,Green which tax,Nicholas Dyer,Science,Available
R0166,B0095,Yourself example,Eric Rojas,Artificial Intelligence,Available
R0167,B0175,Type include here,Andrew Buchanan,Science,Available
R0168,B0460,Interesting professor over push,Veronica Fuentes,Programming,Borrowed
R0169,B0406,Read get,Lydia Hays,Mathematics,Available
R0170,B0384,Time employee what,Kristin Larsen,Programming,Borrowed
R0171,B0268,Indicate evidence economy draw air,Monica Burns,Programming,Available
R0172,B0036,Town eat travel buy,Mark Rivera,Computer Science,Available
R0173,B0298,Couple oil you experience,Amber Velasquez,Computer Science,Borrowed
R0174,B0193,Miss suddenly black company,Jessica Edwards,Literature,Borrowed
R0175,B0100,Decide support good I,Patrick Tucker,Science,Available
R0176,B0059,It human necessary,Troy Thompson,Literature,Borrowed
R0177,B0195,Nation avoid account,Cassandra Jones,Artificial Intelligence,Available
R0178,B0146,Value within character analysis,Sara Walker,Literature,Available
R0179,B0105,Never former white market,Patrick Schwartz,Mathematics,Available
R0180,B0075,Support no operation doctor low,Deborah Rodriguez DVM,Programming,Borrowed
R0181,B0423,Continue memory employee trouble,Michael Riley,Literature,Borrowed
R0182,B0145,Traditional prove,Sarah Holt,Computer Science,Available
R0183,B0466,Explain large mean base security,Maureen Galvan,Programming,Available
R0184,B0321,Where most far fine,Danielle Wilson,Literature,Borrowed
R0185,B0409,Message there piece strategy away,Courtney Gutierrez,History,Available
R0186,B0012,Should citizen teach,Richard Anderson,Computer Science,Available
R0187,B0373,Say maintain example,Melissa Bailey,Science,Borrowed
R0188,B0232,Technology table already,Crystal Wood,Computer Science,Borrowed
R0189,B0235,Keep again suggest he,Richard Martin,History,Available
R0190,B0487,Instead already through,Jennifer Hubbard,Programming,Borrowed
R0191,B0266,Increase floor night throughout,William Alexander,Computer Science,Borrowed
R0192,B0263,Smile leg,Lauren Lowe,Mathematics,Available
R0193,B0277,Difference range what physical,Curtis Kent,Literature,Available
R0194,B0046,Term realize which,Lucas Carter,Computer Science,Available
R0195,B0213,Body maintain example,Megan Martinez,Artificial Intelligence,Available
R0196,B0125,Training but,Daniel Harper,Computer Science,Available
R0197,B0217,Paper build bring,Katelyn Ellison,Science,Available
R0198,B0445,Claim lawyer customer because with,Tara Smith,Mathematics,Borrowed
R0199,B0225,Much evening leader,Scott Walker,History,Available
R0200,B0446,Example anything capital investment after,Calvin Harmon DVM,History,Borrowed
R0201,B0143,Word loss could,Jason Bowen PhD,Mathematics,Available
R0202,B0434,Suffer quickly,Michael Watts,Literature,Borrowed
R0203,B0412,Add several clear,Sarah Duran,Computer Science,Available
R0204,B0219,Congress interesting last see,Sara Clark,History,Available
R0205,B0430,Set outside campaign,Michael Morgan,Computer Science,Borrowed
R0206,B0022,Energy rule actually guess,Justin Odonnell,Science,Available
R0207,B0378,Feel sense really,Karen Cooper,Computer Science,Available
R0208,B0021,Indeed idea bring blood,Joseph Cervantes,Science,Available
R0209,B0484,Clearly participant include money,Tammy Gross,Computer Science,Available
R0210,B0207,Specific cup,Michael Bond,Literature,Borrowed
R0211,B0174,Second home interview leave,Michael Sanders,Computer Science,Borrowed
R0212,B0198,Analysis color Congress be,Joseph Cook,Mathematics,Available
R0213,B0274,Trouble little himself,Bryan Booker,Programming,Available
R0214,B0163,Computer he piece detail,Brian Golden,Programming,Available
R0215,B0248,Especially task upon determine old,Jasmine Jones,Literature,Borrowed
R0216,B0493,Again include most large,Justin Jones,Artificial Intelligence,Available
R0217,B0079,Usually imagine analysis your want,Mike Suarez,Computer Science,Available
R0218,B0352,Impact staff cup,Zachary Glover,History,Borrowed
R0219,B0343,Reduce mind hospital buy,Jeffrey Coleman,History,Borrowed
R0220,B0068,Whom edge my above ball,Kathryn Terry,Science,Borrowed
R0221,B0492,Drop magazine should rate,Jessica Espinoza,Mathematics,Available
R0222,B0207,Specific cup,Michael Bond,Literature,Borrowed
R0223,B0385,Either color address material process,Paula Winters,Science,Available
R0224,B0310,Could identify industry factor,Jennifer Gray,History,Available
R0225,B0236,State happen,Lisa Carroll,Science,Borrowed
R0226,B0437,Suddenly pretty from fill,Todd Johnson,Artificial Intelligence,Borrowed
R0227,B0376,When decade mission start alone,Miguel Peters,Artificial Intelligence,Borrowed
R0228,B0216,Pressure certain entire option page,Jeffrey Munoz,Computer Science,Available
R0229,B0282,More night resource stop,Jonathan Lindsey,Computer Science,Available
R0230,B0354,Alone member,Connie White,Literature,Available
R0231,B0298,Couple oil you experience,Amber Velasquez,Computer Science,Borrowed
R0232,B0269,Ability analysis,John Snyder,Mathematics,Available
R0233,B0309,Hot trade trade,David Allen,Literature,Available
R0234,B0488,Everybody exist deal sure,Jordan Peterson,Computer Science,Available
R0235,B0453,Thus nothing wife seek,James Clark,Artificial Intelligence,Available
R0236,B0138,Company put artist traditional,Jocelyn Green,Computer Science,Available
R0237,B0143,Word loss could,Jason Bowen PhD,Mathematics,Available
R0238,B0303,Record give break also with,Lori Stone,Mathematics,Borrowed
R0239,B0326,Usually top indeed,Michael Mendez,Computer Science,Available
R0240,B0167,Anything though evening trouble start,Austin Smith,Mathematics,Available
R0241,B0077,Trip too scientist camera vote,Ryan Pratt,Mathematics,Available
R0242,B0450,Hold expect hair experience,Joshua Gomez,Literature,Available
R0243,B0475,May pay face brother company,Ronald Nguyen,History,Borrowed
R0244,B0401,Voice itself soldier thus,Clinton Ortiz,Literature,Available
R0245,B0076,Nice rule often,Nancy Alvarez,History,Available
R0246,B0186,Feeling book leave just,Christine Farrell,Artificial Intelligence,Borrowed
R0247,B0288,Be player then practice ball,Terry Hawkins,Literature,Available
R0248,B0290,It answer political,Lauren Thomas,Artificial Intelligence,Available
R0249,B0039,Evidence different,Luke Hall,Programming,Available
R0250,B0319,Training art learn begin,Scott Stanley,Mathematics,Available
R0251,B0166,Back economy,Bruce Kennedy,Computer Science,Available
R0252,B0124,Partner they push,Dylan Russell,Literature,Available
R0253,B0274,Trouble little himself,Bryan Booker,Programming,Available
R0254,B0090,Clear sound turn southern,Elizabeth Brown,History,Available
R0255,B0106,Suffer course city course,Jordan Simpson,Science,Available
R0256,B0449,Center husband public,Robyn Marquez,Computer Science,Available
R0257,B0257,Sell long store common seven,Emily Rogers,Science,Available
R0258,B0263,Smile leg,Lauren Lowe,Mathematics,Available
R0259,B0361,Fire task,Justin Johnson,Artificial Intelligence,Borrowed
R0260,B0084,Its wind trip rock talk,Marie Graham,Mathematics,Available
R0261,B0285,Worker international bring especially,Ronald Mathis,Programming,Borrowed
R0262,B0068,Whom edge my above ball,Kathryn Terry,Science,Borrowed
R0263,B0170,Government back city,Ricky Scott,Science,Borrowed
R0264,B0123,Develop simply direction catch,David Harris,Science,Available
R0265,B0325,Economic sell operation,Mary Marsh,Literature,Available
R0266,B0332,Despite nation probably morning,Kirsten Jones,Mathematics,Borrowed
R0267,B0199,Reveal fill almost woman,James Williams,Programming,Available
R0268,B0197,Receive man behind,John Randall,History,Available
R0269,B0458,Arm watch whether,Mrs. Michelle Andrade,Mathematics,Available
R0270,B0302,Small response option different,Robert Myers,History,Available
R0271,B0483,Door nice,Jamie Davis,Science,Available
R0272,B0306,Bill level itself,Christopher Gilmore,Artificial Intelligence,Available
R0273,B0230,Quality community long marriage former,Brittany Jones,Mathematics,Borrowed
R0274,B0087,Network I season air,Travis Lutz,Artificial Intelligence,Borrowed
R0275,B0085,Middle technology allow,Juan Benjamin,Mathematics,Borrowed
R0276,B0324,Record recent interesting,Kimberly Jennings,Artificial Intelligence,Available
R0277,B0474,Threat television official position everybody,Bradley Bartlett,History,Available
R0278,B0160,Finish country,Karen Roberson,Science,Available
R0279,B0271,Heart avoid perform,Leonard Cox,History,Available
R0280,B0222,Theory third write,Mary Perry,Literature,Borrowed
R0281,B0075,Support no operation doctor low,Deborah Rodriguez DVM,Programming,Borrowed
R0282,B0142,Effect seek thus,Katie Fitzgerald,Mathematics,Available
R0283,B0384,Time employee what,Kristin Larsen,Programming,Borrowed
R0284,B0147,We despite save available education,Michael Herrera,Literature,Available
R0285,B0059,It human necessary,Troy Thompson,Literature,Borrowed
R0286,B0367,Wall station,Paul Walker,Science,Available
R0287,B0296,Series why,Melissa Gregory,Literature,Borrowed
R0288,B0122,Certain reality,James Sawyer,Mathematics,Available
R0289,B0470,Large baby investment themselves toward,Cody Vega,Science,Borrowed
R0290,B0380,Serve product,Natasha Harrison,Computer Science,Available
R0291,B0224,Reduce natural evidence between year,Edward Pearson,Computer Science,Available
R0292,B0033,Rate environment arm,Judy Vargas,Mathematics,Borrowed
R0293,B0218,Degree eye eight,Kelly Taylor,Literature,Available
R0294,B0032,Beautiful scene,Ashley Taylor MD,Computer Science,Available
R0295,B0397,Dog country,Shelby Crane,Mathematics,Available
R0296,B0156,Unit standard,Tammie Trujillo,Computer Science,Available
R0297,B0449,Center husband public,Robyn Marquez,Computer Science,Available
R0298,B0151,Toward yourself medical,Russell York,History,Available
R0299,B0019,Generation hospital realize,Darrell Williams,Literature,Available
R0300,B0315,Partner market middle speak heart,Wayne Wolfe,Artificial Intelligence,Borrowed
R0301,B0339,Home sell concern economy,Meagan Garcia,Computer Science,Borrowed
R0302,B0204,Matter spring approach,Savannah Johnson,History,Borrowed
R0303,B0430,Set outside campaign,Michael Morgan,Computer Science,Borrowed
R0304,B0183,Reach contain kitchen grow,Sarah Irwin,History,Available
R0305,B0334,Most certain son sometimes,Dylan Norton,Programming,Available
R0306,B0210,Talk experience respond fish,Larry Phillips,Artificial Intelligence,Borrowed
R0307,B0126,Herself her,Robert Ochoa,Computer Science,Available
R0308,B0138,Company put artist traditional,Jocelyn Green,Computer Science,Available
R0309,B0426,Current compare move,Amy Ortiz,History,Available
R0310,B0117,Best play growth,Devin Blair,Science,Borrowed
R0311,B0193,Miss suddenly black company,Jessica Edwards,Literature,Borrowed
R0312,B0160,Finish country,Karen Roberson,Science,Available
R0313,B0495,Mr hard card occur,Christopher Richards,History,Borrowed
R0314,B0224,Reduce natural evidence between year,Edward Pearson,Computer Science,Available
R0315,B0349,Person forget,Brent Davis,Mathematics,Available
R0316,B0033,Rate environment arm,Judy Vargas,Mathematics,Borrowed
R0317,B0168,Day add result exactly give,William Wolfe,Programming,Borrowed
R0318,B0113,Strong cut wait,Paula Williams,History,Available
R0319,B0282,More night resource stop,Jonathan Lindsey,Computer Science,Available
R0320,B0288,Be player then practice ball,Terry Hawkins,Literature,Available
R0321,B0375,Try it couple necessary whose,Kathleen Trujillo,Literature,Borrowed
R0322,B0383,Behind choose less spend,Katie Williams,Artificial Intelligence,Available
R0323,B0364,Rise page decade want,Richard Morrison,Literature,Available
R0324,B0032,Beautiful scene,Ashley Taylor MD,Computer Science,Available
R0325,B0399,Statement across quite,Caroline Edwards,Programming,Available
R0326,B0361,Fire task,Justin Johnson,Artificial Intelligence,Borrowed
R0327,B0410,Leave work phone,Logan Kramer,Computer Science,Available
R0328,B0216,Pressure certain entire option page,Jeffrey Munoz,Computer Science,Available
R0329,B0453,Thus nothing wife seek,James Clark,Artificial Intelligence,Available
R0330,B0020,Story hundred suffer pick,Samantha Jordan,Mathematics,Available
R0331,B0218,Degree eye eight,Kelly Taylor,Literature,Available
R0332,B0187,System peace yeah,Jennifer Cohen,History,Available
R0333,B0248,Especially task upon determine old,Jasmine Jones,Literature,Borrowed
R0334,B0193,Miss suddenly black company,Jessica Edwards,Literature,Borrowed
R0335,B0413,Increase organization,Andrew Gibson,Programming,Available
R0336,B0306,Bill level itself,Christopher Gilmore,Artificial Intelligence,Available
R0337,B0288,Be player then practice ball,Terry Hawkins,Literature,Available
R0338,B0233,Base population instead movement,Matthew Lee,Mathematics,Borrowed
R0339,B0307,Must rock bad,Michael Perkins,Science,Borrowed
R0340,B0186,Feeling book leave just,Christine Farrell,Artificial Intelligence,Borrowed
R0341,B0473,Theory avoid media grow so,Jonathan Diaz,Literature,Available
R0342,B0434,Suffer quickly,Michael Watts,Literature,Borrowed
R0343,B0266,Increase floor night throughout,William Alexander,Computer Science,Borrowed
R0344,B0290,It answer political,Lauren Thomas,Artificial Intelligence,Available
R0345,B0166,Back economy,Bruce Kennedy,Computer Science,Available
R0346,B0317,Deep character,Alyssa Perez,Programming,Available
R0347,B0449,Center husband public,Robyn Marquez,Computer Science,Available
R0348,B0408,Indeed stop amount,Samuel Mullins,Mathematics,Available
R0349,B0259,Debate various minute,Shannon Mcbride,Mathematics,Available
R0350,B0133,Policy stock mention future wife,Mary Harmon,Mathematics,Available
R0351,B0428,Degree minute entire production,Beth Summers,Science,Available
R0352,B0475,May pay face brother company,Ronald Nguyen,History,Borrowed
R0353,B0485,Catch agree natural will,Mary Boyd,Artificial Intelligence,Available
R0354,B0091,Coach whole area operation,Andrea Hoffman,Programming,Borrowed
R0355,B0020,Story hundred suffer pick,Samantha Jordan,Mathematics,Available
R0356,B0039,Evidence different,Luke Hall,Programming,Available
R0357,B0461,Skill door research,Jeremy Rogers,Mathematics,Available
R0358,B0362,Account appear,Kathleen Kirby,Mathematics,Available
R0359,B0129,Different writer whom brother,Gregory Clark,Computer Science,Borrowed
R0360,B0275,In doctor both,Crystal Dixon,Programming,Available
R0361,B0246,Put their defense future teach,Kevin Nelson,Literature,Borrowed
R0362,B0458,Arm watch whether,Mrs. Michelle Andrade,Mathematics,Available
R0363,B0250,Poor assume,April Valdez,History,Available
R0364,B0154,Situation leader media,Craig Klein,History,Available
R0365,B0075,Support no operation doctor low,Deborah Rodriguez DVM,Programming,Borrowed
R0366,B0140,Training organization real,Miranda Spencer,Computer Science,Available
R0367,B0162,Teacher management everyone smile order,Kaitlyn Mitchell,Literature,Available
R0368,B0335,Sometimes me clear,Gina Braun,Artificial Intelligence,Available
R0369,B0302,Small response option different,Robert Myers,History,Available
R0370,B0285,Worker international bring especially,Ronald Mathis,Programming,Borrowed
R0371,B0128,Even bag however ok effort,Jodi Willis,Computer Science,Available
R0372,B0167,Anything though evening trouble start,Austin Smith,Mathematics,Available
R0373,B0135,Responsibility TV firm be service,Sarah Johnson,Computer Science,Available
R0374,B0176,Parent perhaps news,Sarah Carter,Programming,Borrowed
R0375,B0037,Low kitchen bill within,Brenda Brown,Literature,Available
R0376,B0297,Site require method,Todd Wiggins,Literature,Available
R0377,B0046,Term realize which,Lucas Carter,Computer Science,Available
R0378,B0190,Create say everyone,John Barr,Mathematics,Borrowed
R0379,B0031,Particular opportunity daughter number,Michele Phillips,Computer Science,Borrowed
R0380,B0123,Develop simply direction catch,David Harris,Science,Available
R0381,B0417,Save out respond feeling,Alexander Bean,History,Borrowed
R0382,B0446,Example anything capital investment after,Calvin Harmon DVM,History,Borrowed
R0383,B0315,Partner market middle speak heart,Wayne Wolfe,Artificial Intelligence,Borrowed
R0384,B0495,Mr hard card occur,Christopher Richards,History,Borrowed
R0385,B0348,Wait six method,Cody Johnson,Literature,Borrowed
R0386,B0178,Together training necessary clearly,Jose Farrell,Literature,Available
R0387,B0135,Responsibility TV firm be service,Sarah Johnson,Computer Science,Available
R0388,B0069,Foreign voice somebody whose,Heidi Murillo,Literature,Available
R0389,B0137,Right catch,Lisa Erickson,History,Borrowed
R0390,B0285,Worker international bring especially,Ronald Mathis,Programming,Borrowed
R0391,B0291,Trip question,Amy Jacobs,History,Available
R0392,B0217,Paper build bring,Katelyn Ellison,Science,Available
R0393,B0300,Believe finish debate there,Ronald Frank,Computer Science,Borrowed
R0394,B0441,Difficult approach recent direction,Erica Velasquez,Mathematics,Available
R0395,B0139,Mission expect forward,Donna Floyd,Programming,Available
R0396,B0412,Add several clear,Sarah Duran,Computer Science,Available
R0397,B0226,Nor wait Republican,Michael Wood,History,Available
R0398,B0114,Sing money relate husband,Levi Mills,Literature,Borrowed
R0399,B0078,Price care,Jon Cline,Literature,Available
R0400,B0337,Last pass money,David Spencer,Literature,Borrowed
R0401,B0417,Save out respond feeling,Alexander Bean,History,Borrowed
R0402,B0451,Too sense actually perform father,Robert Hall,Artificial Intelligence,Available
R0403,B0003,Set increase everyone,Laura Gonzalez,History,Available
R0404,B0432,Number give rule cause join,James Gutierrez,History,Available
R0405,B0415,Yet keep art where,Linda Weiss,Science,Available
R0407,B0188,Particular from degree foreign guess,Lee Alexander,Artificial Intelligence,Borrowed
R0408,B0367,Wall station,Paul Walker,Science,Available
R0409,B0177,Law employee cause,Christine Franco,Artificial Intelligence,Available
R0410,B0451,Too sense actually perform father,Robert Hall,Artificial Intelligence,Available
R0411,B0339,Home sell concern economy,Meagan Garcia,Computer Science,Borrowed
R0412,B0084,Its wind trip rock talk,Marie Graham,Mathematics,Available
R0413,B0358,Happen company sense particularly,David Stanley,History,Available
R0414,B0241,Note culture crime major,Nicole Henderson,Mathematics,Available
R0415,B0041,Thank economic list wife,Brittany Chapman,History,Available
R0416,B0476,Picture create yard his,Vincent Casey,Mathematics,Available
R0417,B0400,Dream phone,Luis Lloyd,Programming,Available
R0418,B0367,Wall station,Paul Walker,Science,Available
R0419,B0063,Call huge pretty near,Vincent Cox,History,Borrowed
R0420,B0304,Human top same,Terry Moreno,Science,Available
R0421,B0388,Speak enough respond democratic city,Lori Ferguson,Computer Science,Available
R0422,B0326,Usually top indeed,Michael Mendez,Computer Science,Available
R0423,B0364,Rise page decade want,Richard Morrison,Literature,Available
R0424,B0252,Father morning line form,Robert Hampton,Science,Available
R0425,B0171,Certainly appear brother,Jorge Morse,Artificial Intelligence,Available
R0426,B0120,Maintain she most wall,Jane Smith,Literature,Available
R0427,B0449,Center husband public,Robyn Marquez,Computer Science,Available
R0428,B0165,Performance language these large community,Travis Santiago,Artificial Intelligence,Available
R0429,B0085,Middle technology allow,Juan Benjamin,Mathematics,Borrowed
R0430,B0185,Full top owner face per,Ashley Phillips,Programming,Available
R0431,B0453,Thus nothing wife seek,James Clark,Artificial Intelligence,Available
R0432,B0247,Follow watch easy,Luis Williams,Mathematics,Available
R0433,B0067,Decide sign which,James Torres,Programming,Borrowed
R0434,B0147,We despite save available education,Michael Herrera,Literature,Available
R0435,B0382,Level star office,Megan Richardson,Programming,Available
R0436,B0224,Reduce natural evidence between year,Edward Pearson,Computer Science,Available
R0437,B0195,Nation avoid account,Cassandra Jones,Artificial Intelligence,Available
R0438,B0142,Effect seek thus,Katie Fitzgerald,Mathematics,Available
R0439,B0283,Draw point until,Lee Perkins,History,Available
R0440,B0188,Particular from degree foreign guess,Lee Alexander,Artificial Intelligence,Borrowed
R0441,B0064,Myself happy prevent likely,Jessica Rivera,Literature,Borrowed
R0442,B0275,In doctor both,Crystal Dixon,Programming,Available
R0443,B0267,Figure result high sound,Melanie Wheeler,Literature,Borrowed
R0444,B0275,In doctor both,Crystal Dixon,Programming,Available
R0445,B0116,Security recently cold,Amy Gomez,Artificial Intelligence,Available
R0446,B0410,Leave work phone,Logan Kramer,Computer Science,Available
R0447,B0062,Cost bad east price,Richard Harris,Science,Available
R0448,B0105,Never former white market,Patrick Schwartz,Mathematics,Available
R0449,B0265,Develop teach too little,Kevin Ellis,Programming,Available
R0450,B0449,Center husband public,Robyn Marquez,Computer Science,Available
R0451,B0031,Particular opportunity daughter number,Michele Phillips,Computer Science,Borrowed
R0452,B0426,Current compare move,Amy Ortiz,History,Available
R0453,B0473,Theory avoid media grow so,Jonathan Diaz,Literature,Available
R0454,B0107,Structure rock line,Edward Pruitt,Mathematics,Available
R0455,B0269,Ability analysis,John Snyder,Mathematics,Available
R0456,B0348,Wait six method,Cody Johnson,Literature,Borrowed
R0457,B0112,Teach attorney future every,Amy Strickland,History,Available
R0458,B0039,Evidence different,Luke Hall,Programming,Available
R0459,B0241,Note culture crime major,Nicole Henderson,Mathematics,Available
R0460,B0168,Day add result exactly give,William Wolfe,Programming,Borrowed
R0461,B0201,Window task ten main goal,Allison Jones,History,Available
R0462,B0329,Remember suggest soldier,James Allison,Computer Science,Borrowed
R0463,B0030,Trial study turn beyond,Angela Jordan,Artificial Intelligence,Available
R0464,B0016,Poor goal seat,Loretta Cooper,Mathematics,Available
R0465,B0345,Some peace anything reveal policy,Daniel Peterson,History,Borrowed
R0466,B0068,Whom edge my above ball,Kathryn Terry,Science,Borrowed
R0467,B0466,Explain large mean base security,Maureen Galvan,Programming,Available
R0468,B0080,Pm glass,Jordan Weeks,Computer Science,Available
R0469,B0463,Financial some,Daniel Freeman,Science,Borrowed
R0470,B0389,Head inside piece material,Andrea Moore,Artificial Intelligence,Available
R0471,B0469,Lot wait,Nathan Patel,Programming,Available
R0472,B0174,Second home interview leave,Michael Sanders,Computer Science,Borrowed
R0473,B0496,Say could visit,Evelyn Jensen,Artificial Intelligence,Available
R0474,B0345,Some peace anything reveal policy,Daniel Peterson,History,Borrowed
R0475,B0469,Lot wait,Nathan Patel,Programming,Available
R0476,B0152,Hair organization five,Sheila Smith,History,Borrowed
R0477,B0448,Begin citizen east generation take,Sandra Mcintosh,Programming,Available
R0478,B0136,Son true such,Yvonne Ellison,Programming,Available
R0479,B0483,Door nice,Jamie Davis,Science,Available
R0480,B0217,Paper build bring,Katelyn Ellison,Science,Available
R0481,B0135,Responsibility TV firm be service,Sarah Johnson,Computer Science,Available
R0482,B0472,Produce trouble join point,John Vaughn,Artificial Intelligence,Borrowed
R0483,B0303,Record give break also with,Lori Stone,Mathematics,Borrowed
R0484,B0098,Night identify how,Robert Anderson,Programming,Available
R0485,B0268,Indicate evidence economy draw air,Monica Burns,Programming,Available
R0486,B0202,Day card who include seem,Logan Oliver,History,Available
R0487,B0162,Teacher management everyone smile order,Kaitlyn Mitchell,Literature,Available
R0488,B0478,Care record director reduce huge,Miranda Johnson,Computer Science,Available
R0489,B0203,Song design begin,Allison Monroe,Science,Borrowed
R0490,B0242,Even as dream,Stephanie Smith,Programming,Available
R0491,B0326,Usually top indeed,Michael Mendez,Computer Science,Available
R0492,B0289,Rich street,Kimberly Holland,Literature,Available
R0493,B0050,Forget leave serious,Allen Roberson,History,Available
R0494,B0110,Box individual ask,Ian Hicks,Artificial Intelligence,Available
R0495,B0009,Tax six,Kayla Griffith,Computer Science,Available
R0496,B0271,Heart avoid perform,Leonard Cox,History,Available
R0497,B0093,Stage fact hour necessary they,Jamie Clark,History,Available
R0498,B0188,Particular from degree foreign guess,Lee Alexander,Artificial Intelligence,Borrowed
R0499,B0475,May pay face brother company,Ronald Nguyen,History,Borrowed
R0500,B0164,Goal professor leader never amount,Pamela Reeves,Literature,Available
R0501,B0093,Stage fact hour necessary they,Jamie Clark,History,Available
R0502,B0294,Begin friend yes,Brian Navarro,Artificial Intelligence,Available
R0503,B0349,Person forget,Brent Davis,Mathematics,Available
R0504,B0100,Decide support good I,Patrick Tucker,Science,Available
R0505,B0248,Especially task upon determine old,Jasmine Jones,Literature,Borrowed
R0506,B0181,Check decide take,Michele Espinoza DDS,History,Borrowed
R0507,B0219,Congress interesting last see,Sara Clark,History,Available
R0508,B0245,Left total step,Joe Weaver,Programming,Available
R0509,B0278,Generation guy suddenly,Alicia Erickson,Science,Available
R0510,B0294,Begin friend yes,Brian Navarro,Artificial Intelligence,Available
R0511,B0006,Lawyer show,Zachary Spencer,Literature,Available
R0512,B0494,Week training serious speak,Teresa Williams,Programming,Available
R0513,B0414,Treat shoulder enough scientist every,Pamela Bates,Literature,Available
R0514,B0272,Hold officer theory discuss,Lisa Sawyer,Science,Available
R0515,B0053,But ok physical run enough,Mark Davis,Computer Science,Available
R0516,B0270,Trip a deep,Alexander Ramirez,Mathematics,Available
R0517,B0408,Indeed stop amount,Samuel Mullins,Mathematics,Available
R0518,B0215,Admit network city few,Keith Maddox,Programming,Borrowed
R0519,B0344,Glass very create commercial,Amber Scott,Artificial Intelligence,Available
R0520,B0311,Organization evening policy,William Lucas,Computer Science,Available
R0521,B0399,Statement across quite,Caroline Edwards,Programming,Available
R0522,B0447,Take if test,James Sharp,Literature,Available
R0523,B0463,Financial some,Daniel Freeman,Science,Borrowed
R0524,B0266,Increase floor night throughout,William Alexander,Computer Science,Borrowed
R0525,B0406,Read get,Lydia Hays,Mathematics,Available
R0526,B0353,Detail between food,Angela Hudson,Artificial Intelligence,Borrowed
R0527,B0318,Event sense usually west,Jennifer Foster,Mathematics,Available
R0528,B0046,Term realize which,Lucas Carter,Computer Science,Available
R0529,B0016,Poor goal seat,Loretta Cooper,Mathematics,Available
R0530,B0070,Education shake,Kimberly Williams,Computer Science,Available
R0531,B0145,Traditional prove,Sarah Holt,Computer Science,Available
R0532,B0137,Right catch,Lisa Erickson,History,Borrowed
R0533,B0343,Reduce mind hospital buy,Jeffrey Coleman,History,Borrowed
R0534,B0377,Assume pressure nothing,Jessica Willis,Artificial Intelligence,Available
R0535,B0203,Song design begin,Allison Monroe,Science,Borrowed
R0536,B0472,Produce trouble join point,John Vaughn,Artificial Intelligence,Borrowed
R0537,B0321,Where most far fine,Danielle Wilson,Literature,Borrowed
R0538,B0152,Hair organization five,Sheila Smith,History,Borrowed
R0539,B0205,Their against range star,Kristi Burns,Science,Borrowed
R0540,B0306,Bill level itself,Christopher Gilmore,Artificial Intelligence,Available
R0541,B0375,Try it couple necessary whose,Kathleen Trujillo,Literature,Borrowed
R0542,B0301,Party put sound,John Brewer,Computer Science,Borrowed
R0543,B0130,Notice enter name through power,Stephen Mccoy,Science,Available
R0544,B0349,Person forget,Brent Davis,Mathematics,Available
R0545,B0059,It human necessary,Troy Thompson,Literature,Borrowed
R0546,B0013,Set spend century despite,Evan Cantrell,Mathematics,Available
R0547,B0482,Become stock decide want,Cory Thomas,Mathematics,Borrowed
R0548,B0354,Alone member,Connie White,Literature,Available
R0549,B0370,Occur east someone data,Mario Ortiz,Mathematics,Borrowed
R0550,B0024,Morning shoulder future,Kevin Gray,Artificial Intelligence,Borrowed
R0551,B0268,Indicate evidence economy draw air,Monica Burns,Programming,Available
R0552,B0422,Air tree join figure,William Howard,Programming,Available
R0553,B0236,State happen,Lisa Carroll,Science,Borrowed
R0554,B0238,Building main his small well,Elizabeth Price,Science,Borrowed
R0555,B0439,East adult television into,Anne Lopez,Programming,Available
R0556,B0499,Key family speech,Tara Powers,History,Available
R0557,B0285,Worker international bring especially,Ronald Mathis,Programming,Borrowed
R0558,B0390,Begin dog wear here road,Sarah Armstrong,Computer Science,Available
R0559,B0305,Energy statement,Timothy Kemp,History,Available
R0560,B0006,Lawyer show,Zachary Spencer,Literature,Available
R0561,B0268,Indicate evidence economy draw air,Monica Burns,Programming,Available
R0562,B0418,Reflect card offer interview,Jonathan Coleman,Literature,Available
R0563,B0034,Dream brother,Gregory Schultz,Mathematics,Available
R0564,B0480,Chance I too,Keith Mccarthy,Literature,Available
R0565,B0012,Should citizen teach,Richard Anderson,Computer Science,Available
R0566,B0176,Parent perhaps news,Sarah Carter,Programming,Borrowed
R0567,B0361,Fire task,Justin Johnson,Artificial Intelligence,Borrowed
R0568,B0183,Reach contain kitchen grow,Sarah Irwin,History,Available
R0569,B0122,Certain reality,James Sawyer,Mathematics,Available
R0570,B0166,Back economy,Bruce Kennedy,Computer Science,Available
R0571,B0428,Degree minute entire production,Beth Summers,Science,Available
R0572,B0286,Activity authority speech base,Christopher Perry,Computer Science,Available
R0573,B0213,Body maintain example,Megan Martinez,Artificial Intelligence,Available
R0574,B0269,Ability analysis,John Snyder,Mathematics,Available
R0575,B0377,Assume pressure nothing,Jessica Willis,Artificial Intelligence,Available
R0576,B0094,Benefit develop when,Kim Gonzalez,Artificial Intelligence,Available
R0577,B0050,Forget leave serious,Allen Roberson,History,Available
R0578,B0454,Young response huge collection,Dennis Davis,Science,Available
R0579,B0482,Become stock decide want,Cory Thomas,Mathematics,Borrowed
R0580,B0203,Song design begin,Allison Monroe,Science,Borrowed
R0581,B0362,Account appear,Kathleen Kirby,Mathematics,Available
R0582,B0261,Work indeed next why,Jason Jimenez,Programming,Available
R0583,B0241,Note culture crime major,Nicole Henderson,Mathematics,Available
R0584,B0340,Today property,John Chavez,Programming,Available
R0585,B0414,Treat shoulder enough scientist every,Pamela Bates,Literature,Available
R0586,B0329,Remember suggest soldier,James Allison,Computer Science,Borrowed
R0587,B0346,Than someone next,Benjamin Mckenzie,Computer Science,Available
R0588,B0189,You big,Jessica Sexton,Science,Available
R0589,B0156,Unit standard,Tammie Trujillo,Computer Science,Available
R0590,B0473,Theory avoid media grow so,Jonathan Diaz,Literature,Available
R0591,B0284,Box back and,Michael Allen,Programming,Borrowed
R0592,B0423,Continue memory employee trouble,Michael Riley,Literature,Borrowed
R0593,B0468,Like wonder,Eugene Holmes,Literature,Available
R0594,B0076,Nice rule often,Nancy Alvarez,History,Available
R0595,B0495,Mr hard card occur,Christopher Richards,History,Borrowed
R0596,B0063,Call huge pretty near,Vincent Cox,History,Borrowed
R0597,B0071,Hotel sign today laugh sort,Robert Long,Artificial Intelligence,Available
R0598,B0309,Hot trade trade,David Allen,Literature,Available
R0599,B0338,Simply peace number fly,Valerie Duncan,Programming,Available
R0600,B0054,Enough get expect,Aaron Wilkins,Literature,Available
R0601,B0022,Energy rule actually guess,Justin Odonnell,Science,Available
R0602,B0273,Behind reach trip down,Charles Dennis,Mathematics,Available
R0603,B0440,Over human once should,Jamie Kelly,Literature,Borrowed
R0604,B0206,Yet former course able,Michael Taylor,Computer Science,Borrowed
R0605,B0122,Certain reality,James Sawyer,Mathematics,Available
R0606,B0151,Toward yourself medical,Russell York,History,Available
R0607,B0333,Available record trip decision station,Colleen Johnson,Mathematics,Available
R0608,B0048,Opportunity happen,Danny Tyler,Literature,Available
R0609,B0250,Poor assume,April Valdez,History,Available
R0610,B0215,Admit network city few,Keith Maddox,Programming,Borrowed
R0611,B0047,His difference,Elizabeth Johnson,Mathematics,Available
R0612,B0310,Could identify industry factor,Jennifer Gray,History,Available
R0613,B0229,Travel defense mind player,Daniel Rodriguez,Computer Science,Borrowed
R0614,B0272,Hold officer theory discuss,Lisa Sawyer,Science,Available
R0615,B0321,Where most far fine,Danielle Wilson,Literature,Borrowed
R0616,B0123,Develop simply direction catch,David Harris,Science,Available
R0617,B0167,Anything though evening trouble start,Austin Smith,Mathematics,Available
R0618,B0401,Voice itself soldier thus,Clinton Ortiz,Literature,Available
R0619,B0439,East adult television into,Anne Lopez,Programming,Available
R0620,B0422,Air tree join figure,William Howard,Programming,Available
R0621,B0215,Admit network city few,Keith Maddox,Programming,Borrowed
R0622,B0391,Building protect significant knowledge,Jeanne Heath,Artificial Intelligence,Available
R0623,B0104,Off admit very western,Miranda Bell,Artificial Intelligence,Available
R0624,B0300,Believe finish debate there,Ronald Frank,Computer Science,Borrowed
R0625,B0008,And across stay,Robert Juarez,Programming,Available
R0626,B0203,Song design begin,Allison Monroe,Science,Borrowed
R0627,B0433,Compare writer,Crystal Lynn,Artificial Intelligence,Borrowed
R0628,B0207,Specific cup,Michael Bond,Literature,Borrowed
R0629,B0191,Bit bad,Logan Smith,Science,Available
R0630,B0300,Believe finish debate there,Ronald Frank,Computer Science,Borrowed
R0631,B0478,Care record director reduce huge,Miranda Johnson,Computer Science,Available
R0632,B0160,Finish country,Karen Roberson,Science,Available
R0633,B0104,Off admit very western,Miranda Bell,Artificial Intelligence,Available
R0634,B0047,His difference,Elizabeth Johnson,Mathematics,Available
R0635,B0179,Wall pay hundred attention,Tammy Christian,Literature,Available
R0636,B0286,Activity authority speech base,Christopher Perry,Computer Science,Available
R0637,B0021,Indeed idea bring blood,Joseph Cervantes,Science,Available
R0638,B0271,Heart avoid perform,Leonard Cox,History,Available
R0639,B0490,With personal gun lay bag,Linda Lee,Literature,Borrowed
R0640,B0115,Much child area commercial,Charles Armstrong,Programming,Borrowed
R0641,B0425,Single near director same some,Kimberly Cruz,Artificial Intelligence,Available
R0642,B0321,Where most far fine,Danielle Wilson,Literature,Borrowed
R0643,B0061,Popular economy,Meredith Johnson,Literature,Available
R0644,B0242,Even as dream,Stephanie Smith,Programming,Available
R0645,B0446,Example anything capital investment after,Calvin Harmon DVM,History,Borrowed
R0646,B0412,Add several clear,Sarah Duran,Computer Science,Available
R0647,B0306,Bill level itself,Christopher Gilmore,Artificial Intelligence,Available
R0648,B0145,Traditional prove,Sarah Holt,Computer Science,Available
R0649,B0004,Expert prevent color sit idea,Paul Cooper,History,Available
R0650,B0231,Customer trip forget,Kristopher Stewart,Literature,Available
R0651,B0208,Country cut soon,Henry Cruz,Computer Science,Borrowed
R0652,B0267,Figure result high sound,Melanie Wheeler,Literature,Borrowed
R0653,B0163,Computer he piece detail,Brian Golden,Programming,Available
R0654,B0234,Cost maintain difference stage,Christopher Poole,History,Available
R0655,B0302,Small response option different,Robert Myers,History,Available
R0656,B0105,Never former white market,Patrick Schwartz,Mathematics,Available
R0657,B0240,Century trouble own assume control,Tony Flores,Science,Borrowed
R0658,B0095,Yourself example,Eric Rojas,Artificial Intelligence,Available
R0659,B0270,Trip a deep,Alexander Ramirez,Mathematics,Available
R0660,B0261,Work indeed next why,Jason Jimenez,Programming,Available
R0661,B0070,Education shake,Kimberly Williams,Computer Science,Available
R0662,B0419,None work marriage,Elizabeth Guerrero,Computer Science,Available
R0663,B0293,War too front arrive evening,Michael Brown,Mathematics,Available
R0664,B0125,Training but,Daniel Harper,Computer Science,Available
R0665,B0201,Window task ten main goal,Allison Jones,History,Available
R0666,B0356,Ahead piece fire,Stacy Carney,Mathematics,Available
R0667,B0438,Stock house poor state,Mark Chapman,Mathematics,Borrowed
R0668,B0102,Security herself whose,Nathan Mayo,Artificial Intelligence,Available
R0669,B0299,Require economy ability see,Amanda Cunningham,Mathematics,Available
R0670,B0269,Ability analysis,John Snyder,Mathematics,Available
R0671,B0307,Must rock bad,Michael Perkins,Science,Borrowed
R0672,B0429,Whom guy sort little,Holly Phillips,Science,Available
R0673,B0248,Especially task upon determine old,Jasmine Jones,Literature,Borrowed
R0674,B0136,Son true such,Yvonne Ellison,Programming,Available
R0675,B0110,Box individual ask,Ian Hicks,Artificial Intelligence,Available
R0676,B0156,Unit standard,Tammie Trujillo,Computer Science,Available
R0677,B0313,Lay parent series western,Ana Duncan,Programming,Borrowed
R0678,B0415,Yet keep art where,Linda Weiss,Science,Available
R0679,B0141,Prevent would top,Amy Patrick,Artificial Intelligence,Available
R0680,B0168,Day add result exactly give,William Wolfe,Programming,Borrowed
R0681,B0429,Whom guy sort little,Holly Phillips,Science,Available
R0682,B0047,His difference,Elizabeth Johnson,Mathematics,Available
R0683,B0488,Everybody exist deal sure,Jordan Peterson,Computer Science,Available
R0684,B0386,Research everyone once technology,Carlos Allen,Literature,Available
R0685,B0418,Reflect card offer interview,Jonathan Coleman,Literature,Available
R0686,B0111,Find bring win while,Bridget Moran,Computer Science,Available
R0687,B0419,None work marriage,Elizabeth Guerrero,Computer Science,Available
R0688,B0196,Establish direction away,Ronald Chang,History,Borrowed
R0689,B0083,Next who nothing,Michael Carter,History,Borrowed
R0690,B0370,Occur east someone data,Mario Ortiz,Mathematics,Borrowed
R0692,B0040,Feeling news history pretty fish,Julia Odonnell DDS,History,Available
R0693,B0300,Believe finish debate there,Ronald Frank,Computer Science,Borrowed
R0694,B0226,Nor wait Republican,Michael Wood,History,Available
R0695,B0167,Anything though evening trouble start,Austin Smith,Mathematics,Available
R0696,B0019,Generation hospital realize,Darrell Williams,Literature,Available
R0697,B0427,Outside despite,Patrick Hansen,Artificial Intelligence,Available
R0698,B0367,Wall station,Paul Walker,Science,Available
R0699,B0396,Give middle successful ok give,Lisa Braun,History,Available
R0700,B0384,Time employee what,Kristin Larsen,Programming,Borrowed
R0701,B0477,Road end,Bob Davis,Computer Science,Available
R0702,B0150,For for,Erica Smith,Literature,Available
R0703,B0414,Treat shoulder enough scientist every,Pamela Bates,Literature,Available
R0704,B0285,Worker international bring especially,Ronald Mathis,Programming,Borrowed
R0705,B0238,Building main his small well,Elizabeth Price,Science,Borrowed
R0706,B0382,Level star office,Megan Richardson,Programming,Available
R0707,B0436,Vote account lay strong,Olivia Bailey,History,Available
R0708,B0400,Dream phone,Luis Lloyd,Programming,Available
R0709,B0075,Support no operation doctor low,Deborah Rodriguez DVM,Programming,Borrowed
R0710,B0042,Sure just card,Gregory Coleman,Computer Science,Available
R0711,B0259,Debate various minute,Shannon Mcbride,Mathematics,Available
R0712,B0005,I suggest message,Margaret Mcdonald,Programming,Available
R0713,B0326,Usually top indeed,Michael Mendez,Computer Science,Available
R0714,B0101,Part character,Joshua Vaughan,Artificial Intelligence,Available
R0715,B0167,Anything though evening trouble start,Austin Smith,Mathematics,Available
R0716,B0483,Door nice,Jamie Davis,Science,Available
R0717,B0182,Child nothing give its east,Lindsay Mendoza,Literature,Borrowed
R0718,B0492,Drop magazine should rate,Jessica Espinoza,Mathematics,Available
R0719,B0358,Happen company sense particularly,David Stanley,History,Available
R0720,B0083,Next who nothing,Michael Carter,History,Borrowed
R0721,B0353,Detail between food,Angela Hudson,Artificial Intelligence,Borrowed
R0722,B0303,Record give break also with,Lori Stone,Mathematics,Borrowed
R0723,B0133,Policy stock mention future wife,Mary Harmon,Mathematics,Available
R0724,B0283,Draw point until,Lee Perkins,History,Available
R0725,B0446,Example anything capital investment after,Calvin Harmon DVM,History,Borrowed
R0726,B0161,Animal keep growth,Jeffrey Pollard,Science,Borrowed
R0727,B0472,Produce trouble join point,John Vaughn,Artificial Intelligence,Borrowed
R0728,B0267,Figure result high sound,Melanie Wheeler,Literature,Borrowed
R0729,B0168,Day add result exactly give,William Wolfe,Programming,Borrowed
R0730,B0264,Eight conference him scientist,Abigail Jackson,Mathematics,Available
R0731,B0239,Sure cost worry must,Deborah Lopez,Science,Available
R0732,B0049,Eight part skill,Lucas Mcclain,Computer Science,Borrowed
R0733,B0119,Figure tree effect past high,Emily Avila,Literature,Available
R0734,B0470,Large baby investment themselves toward,Cody Vega,Science,Borrowed
R0735,B0118,Describe better exist into,David Lopez,Literature,Available
R0736,B0273,Behind reach trip down,Charles Dennis,Mathematics,Available
R0737,B0313,Lay parent series western,Ana Duncan,Programming,Borrowed
R0738,B0341,Catch project,Joanna Watkins,Literature,Borrowed
R0739,B0449,Center husband public,Robyn Marquez,Computer Science,Available
R0740,B0444,Prove idea care,Dorothy Padilla,Computer Science,Available
R0741,B0052,Stop fast everybody decade alone,Robert Vang,Mathematics,Available
R0742,B0009,Tax six,Kayla Griffith,Computer Science,Available
R0743,B0178,Together training necessary clearly,Jose Farrell,Literature,Available
R0744,B0100,Decide support good I,Patrick Tucker,Science,Available
R0745,B0093,Stage fact hour necessary they,Jamie Clark,History,Available
R0746,B0439,East adult television into,Anne Lopez,Programming,Available
R0747,B0365,Clear responsibility,Jennifer Gregory,Literature,Available
R0748,B0031,Particular opportunity daughter number,Michele Phillips,Computer Science,Borrowed
R0749,B0075,Support no operation doctor low,Deborah Rodriguez DVM,Programming,Borrowed
R0750,B0047,His difference,Elizabeth Johnson,Mathematics,Available
R0751,B0294,Begin friend yes,Brian Navarro,Artificial Intelligence,Available
R0752,B0333,Available record trip decision station,Colleen Johnson,Mathematics,Available
R0753,B0110,Box individual ask,Ian Hicks,Artificial Intelligence,Available
R0754,B0185,Full top owner face per,Ashley Phillips,Programming,Available
R0755,B0394,Talk read reveal,John Johnson,Literature,Available
R0756,B0487,Instead already through,Jennifer Hubbard,Programming,Borrowed
R0757,B0326,Usually top indeed,Michael Mendez,Computer Science,Available
R0758,B0015,Interesting in most ground forward,Nicole Little,Mathematics,Borrowed
R0759,B0029,Safe number receive wind expect,Krystal Kent,Mathematics,Available
R0760,B0165,Performance language these large community,Travis Santiago,Artificial Intelligence,Available
R0761,B0055,Democrat career throughout particular,Douglas Camacho,History,Available
R0762,B0213,Body maintain example,Megan Martinez,Artificial Intelligence,Available
R0763,B0218,Degree eye eight,Kelly Taylor,Literature,Available
R0764,B0263,Smile leg,Lauren Lowe,Mathematics,Available
R0765,B0379,Important property whose behind,Anthony Terrell,Artificial Intelligence,Available
R0766,B0413,Increase organization,Andrew Gibson,Programming,Available
R0767,B0029,Safe number receive wind expect,Krystal Kent,Mathematics,Available
R0768,B0315,Partner market middle speak heart,Wayne Wolfe,Artificial Intelligence,Borrowed
R0769,B0027,Picture we,Deborah Carter,Artificial Intelligence,Available
R0770,B0104,Off admit very western,Miranda Bell,Artificial Intelligence,Available
R0771,B0204,Matter spring approach,Savannah Johnson,History,Borrowed
R0772,B0434,Suffer quickly,Michael Watts,Literature,Borrowed
R0773,B0237,Just chance beat explain enough,Ryan Hamilton,Programming,Available
R0774,B0106,Suffer course city course,Jordan Simpson,Science,Available
R0775,B0418,Reflect card offer interview,Jonathan Coleman,Literature,Available
R0776,B0088,Author star that,Mrs. Megan Davis,History,Available
R0777,B0184,Line around face,Michael Morgan,Programming,Available
R0778,B0317,Deep character,Alyssa Perez,Programming,Available
R0779,B0230,Quality community long marriage former,Brittany Jones,Mathematics,Borrowed
R0780,B0393,Support professional several,Mrs. Brittney Howe,Science,Borrowed
R0781,B0244,Me wear door,David Barber,Programming,Available
R0782,B0320,Event manager full,Felicia Parker,History,Available
R0783,B0467,Good report task,Felicia Rowland,History,Available
R0784,B0430,Set outside campaign,Michael Morgan,Computer Science,Borrowed
R0785,B0485,Catch agree natural will,Mary Boyd,Artificial Intelligence,Available
R0786,B0223,Language right herself rise town,Gary Davis,Programming,Borrowed
R0787,B0437,Suddenly pretty from fill,Todd Johnson,Artificial Intelligence,Borrowed
R0788,B0167,Anything though evening trouble start,Austin Smith,Mathematics,Available
R0789,B0404,Edge idea,Eric Bruce,Science,Available
R0790,B0297,Site require method,Todd Wiggins,Literature,Available
R0791,B0183,Reach contain kitchen grow,Sarah Irwin,History,Available
R0792,B0496,Say could visit,Evelyn Jensen,Artificial Intelligence,Available
R0793,B0009,Tax six,Kayla Griffith,Computer Science,Available
R0794,B0234,Cost maintain difference stage,Christopher Poole,History,Available
R0795,B0032,Beautiful scene,Ashley Taylor MD,Computer Science,Available
R0796,B0436,Vote account lay strong,Olivia Bailey,History,Available
R0797,B0169,Player detail,Willie Hayes,History,Available
R0798,B0414,Treat shoulder enough scientist every,Pamela Bates,Literature,Available
R0799,B0008,And across stay,Robert Juarez,Programming,Available
R0800,B0357,Matter throw watch again,William Payne,Artificial Intelligence,Borrowed
R0801,B0097,Soon skin subject type,Nicholas Olsen,Artificial Intelligence,Available
R0802,B0393,Support professional several,Mrs. Brittney Howe,Science,Borrowed
R0803,B0096,Stage follow,Sarah Kemp,History,Available
R0804,B0291,Trip question,Amy Jacobs,History,Available
R0805,B0276,Rich life himself,Kimberly Parker,Artificial Intelligence,Available
R0806,B0419,None work marriage,Elizabeth Guerrero,Computer Science,Available
R0807,B0129,Different writer whom brother,Gregory Clark,Computer Science,Borrowed
R0808,B0092,Allow grow against outside,Timothy James,Computer Science,Borrowed
R0809,B0089,Capital sea hand,Gregory Anderson,Literature,Borrowed
R0810,B0286,Activity authority speech base,Christopher Perry,Computer Science,Available
R0811,B0338,Simply peace number fly,Valerie Duncan,Programming,Available
R0812,B0217,Paper build bring,Katelyn Ellison,Science,Available
R0813,B0406,Read get,Lydia Hays,Mathematics,Available
R0814,B0428,Degree minute entire production,Beth Summers,Science,Available
R0815,B0186,Feeling book leave just,Christine Farrell,Artificial Intelligence,Borrowed
R0816,B0229,Travel defense mind player,Daniel Rodriguez,Computer Science,Borrowed
R0817,B0471,Board modern particularly,Jonathon Ross,Artificial Intelligence,Available
R0818,B0064,Myself happy prevent likely,Jessica Rivera,Literature,Borrowed
R0819,B0163,Computer he piece detail,Brian Golden,Programming,Available
R0820,B0250,Poor assume,April Valdez,History,Available
R0821,B0386,Research everyone once technology,Carlos Allen,Literature,Available
R0822,B0045,Ok full mouth current,Jennifer Gonzalez,Literature,Available
R0823,B0490,With personal gun lay bag,Linda Lee,Literature,Borrowed
R0824,B0177,Law employee cause,Christine Franco,Artificial Intelligence,Available
R0825,B0077,Trip too scientist camera vote,Ryan Pratt,Mathematics,Available
R0826,B0232,Technology table already,Crystal Wood,Computer Science,Borrowed
R0827,B0126,Herself her,Robert Ochoa,Computer Science,Available
R0828,B0250,Poor assume,April Valdez,History,Available
R0829,B0461,Skill door research,Jeremy Rogers,Mathematics,Available
R0830,B0385,Either color address material process,Paula Winters,Science,Available
R0831,B0374,Across speech,Alyssa Roberts,Computer Science,Borrowed
R0832,B0433,Compare writer,Crystal Lynn,Artificial Intelligence,Borrowed
R0833,B0016,Poor goal seat,Loretta Cooper,Mathematics,Available
R0834,B0415,Yet keep art where,Linda Weiss,Science,Available
R0835,B0123,Develop simply direction catch,David Harris,Science,Available
R0836,B0287,Protect bill year really,Adam Bennett,Programming,Available
R0837,B0433,Compare writer,Crystal Lynn,Artificial Intelligence,Borrowed
R0838,B0153,Travel boy condition get,Ashley Sanders,Science,Available
R0839,B0286,Activity authority speech base,Christopher Perry,Computer Science,Available
R0840,B0014,Sing ability fear success owner,Katherine Williamson,Mathematics,Available
R0841,B0350,Second fire individual parent,Amanda Zimmerman,Literature,Available
R0842,B0473,Theory avoid media grow so,Jonathan Diaz,Literature,Available
R0843,B0446,Example anything capital investment after,Calvin Harmon DVM,History,Borrowed
R0844,B0103,Increase series citizen there boy,Jennifer Schmidt,Computer Science,Borrowed
R0845,B0260,Loss pressure scene within,Janice Wood,Science,Available
R0846,B0254,Certainly point task always,Leslie Roach,Mathematics,Borrowed
R0847,B0473,Theory avoid media grow so,Jonathan Diaz,Literature,Available
R0848,B0072,Measure cell size time,Matthew Jimenez,Mathematics,Available
R0849,B0049,Eight part skill,Lucas Mcclain,Computer Science,Borrowed
R0850,B0006,Lawyer show,Zachary Spencer,Literature,Available
R0851,B0139,Mission expect forward,Donna Floyd,Programming,Available
R0852,B0432,Number give rule cause join,James Gutierrez,History,Available
R0853,B0345,Some peace anything reveal policy,Daniel Peterson,History,Borrowed
R0854,B0483,Door nice,Jamie Davis,Science,Available
R0855,B0164,Goal professor leader never amount,Pamela Reeves,Literature,Available
R0856,B0183,Reach contain kitchen grow,Sarah Irwin,History,Available
R0857,B0096,Stage follow,Sarah Kemp,History,Available
R0858,B0267,Figure result high sound,Melanie Wheeler,Literature,Borrowed
R0859,B0256,Use nation paper,Marie Snow,Literature,Available
R0860,B0389,Head inside piece material,Andrea Moore,Artificial Intelligence,Available
R0861,B0100,Decide support good I,Patrick Tucker,Science,Available
R0862,B0224,Reduce natural evidence between year,Edward Pearson,Computer Science,Available
R0863,B0146,Value within character analysis,Sara Walker,Literature,Available
R0864,B0392,Analysis model cup individual,Yolanda Stevens,Literature,Borrowed
R0865,B0012,Should citizen teach,Richard Anderson,Computer Science,Available
R0866,B0442,Deal easy role,Shane Reyes,Literature,Borrowed
R0867,B0497,Bit window include,Eric King,Literature,Available
R0868,B0317,Deep character,Alyssa Perez,Programming,Available
R0869,B0432,Number give rule cause join,James Gutierrez,History,Available
R0870,B0084,Its wind trip rock talk,Marie Graham,Mathematics,Available
R0871,B0055,Democrat career throughout particular,Douglas Camacho,History,Available
R0872,B0009,Tax six,Kayla Griffith,Computer Science,Available
R0873,B0147,We despite save available education,Michael Herrera,Literature,Available
R0874,B0341,Catch project,Joanna Watkins,Literature,Borrowed
R0875,B0415,Yet keep art where,Linda Weiss,Science,Available
R0876,B0361,Fire task,Justin Johnson,Artificial Intelligence,Borrowed
R0877,B0449,Center husband public,Robyn Marquez,Computer Science,Available
R0878,B0474,Threat television official position everybody,Bradley Bartlett,History,Available
R0879,B0370,Occur east someone data,Mario Ortiz,Mathematics,Borrowed
R0880,B0116,Security recently cold,Amy Gomez,Artificial Intelligence,Available
R0881,B0366,Stay activity young character less,Catherine Foley,Science,Borrowed
R0882,B0191,Bit bad,Logan Smith,Science,Available
R0883,B0378,Feel sense really,Karen Cooper,Computer Science,Available
R0884,B0038,Health result benefit,Wanda Jordan,Literature,Available
R0885,B0147,We despite save available education,Michael Herrera,Literature,Available
R0886,B0397,Dog country,Shelby Crane,Mathematics,Available
R0887,B0157,Federal imagine,Susan Colon,History,Borrowed
R0888,B0337,Last pass money,David Spencer,Literature,Borrowed
R0889,B0048,Opportunity happen,Danny Tyler,Literature,Available
R0890,B0412,Add several clear,Sarah Duran,Computer Science,Available
R0891,B0438,Stock house poor state,Mark Chapman,Mathematics,Borrowed
R0892,B0132,Grow general offer,Victoria Wise,History,Available
R0893,B0375,Try it couple necessary whose,Kathleen Trujillo,Literature,Borrowed
R0894,B0210,Talk experience respond fish,Larry Phillips,Artificial Intelligence,Borrowed
R0895,B0183,Reach contain kitchen grow,Sarah Irwin,History,Available
R0896,B0036,Town eat travel buy,Mark Rivera,Computer Science,Available
R0897,B0207,Specific cup,Michael Bond,Literature,Borrowed
R0898,B0462,Traditional ahead skill father not,Kim Lopez,Literature,Borrowed
R0899,B0047,His difference,Elizabeth Johnson,Mathematics,Available
R0900,B0132,Grow general offer,Victoria Wise,History,Available
R0901,B0042,Sure just card,Gregory Coleman,Computer Science,Available
R0902,B0473,Theory avoid media grow so,Jonathan Diaz,Literature,Available
R0903,B0260,Loss pressure scene within,Janice Wood,Science,Available
R0904,B0491,Practice work,Debbie Pierce,Science,Available
R0905,B0086,Down friend baby,Kathryn Rivera,Science,Available
R0906,B0441,Difficult approach recent direction,Erica Velasquez,Mathematics,Available
R0907,B0132,Grow general offer,Victoria Wise,History,Available
R0909,B0319,Training art learn begin,Scott Stanley,Mathematics,Available
R0910,B0004,Expert prevent color sit idea,Paul Cooper,History,Available
R0911,B0186,Feeling book leave just,Christine Farrell,Artificial Intelligence,Borrowed
R0912,B0185,Full top owner face per,Ashley Phillips,Programming,Available
R0913,B0331,Other investment,Ricardo Norris,Science,Borrowed
R0914,B0252,Father morning line form,Robert Hampton,Science,Available
R0915,B0393,Support professional several,Mrs. Brittney Howe,Science,Borrowed
R0916,B0366,Stay activity young character less,Catherine Foley,Science,Borrowed
R0917,B0307,Must rock bad,Michael Perkins,Science,Borrowed
R0918,B0459,Less but need whether,Jennifer Parker,History,Borrowed
R0919,B0171,Certainly appear brother,Jorge Morse,Artificial Intelligence,Available
R0920,B0271,Heart avoid perform,Leonard Cox,History,Available
R0921,B0352,Impact staff cup,Zachary Glover,History,Borrowed
R0922,B0348,Wait six method,Cody Johnson,Literature,Borrowed
R0923,B0075,Support no operation doctor low,Deborah Rodriguez DVM,Programming,Borrowed
R0924,B0104,Off admit very western,Miranda Bell,Artificial Intelligence,Available
R0925,B0494,Week training serious speak,Teresa Williams,Programming,Available
R0926,B0154,Situation leader media,Craig Klein,History,Available
R0927,B0284,Box back and,Michael Allen,Programming,Borrowed
R0928,B0070,Education shake,Kimberly Williams,Computer Science,Available
R0929,B0388,Speak enough respond democratic city,Lori Ferguson,Computer Science,Available
R0930,B0263,Smile leg,Lauren Lowe,Mathematics,Available
R0931,B0153,Travel boy condition get,Ashley Sanders,Science,Available
R0932,B0254,Certainly point task always,Leslie Roach,Mathematics,Borrowed
R0933,B0009,Tax six,Kayla Griffith,Computer Science,Available
R0934,B0321,Where most far fine,Danielle Wilson,Literature,Borrowed
R0935,B0375,Try it couple necessary whose,Kathleen Trujillo,Literature,Borrowed
R0936,B0194,Move quickly expert,Daniel Cabrera,Computer Science,Available
R0937,B0145,Traditional prove,Sarah Holt,Computer Science,Available
R0938,B0059,It human necessary,Troy Thompson,Literature,Borrowed
R0939,B0326,Usually top indeed,Michael Mendez,Computer Science,Available
R0940,B0410,Leave work phone,Logan Kramer,Computer Science,Available
R0941,B0083,Next who nothing,Michael Carter,History,Borrowed
R0942,B0358,Happen company sense particularly,David Stanley,History,Available
R0943,B0107,Structure rock line,Edward Pruitt,Mathematics,Available
R0944,B0499,Key family speech,Tara Powers,History,Available
R0945,B0350,Second fire individual parent,Amanda Zimmerman,Literature,Available
R0946,B0065,High accept song,Timothy Williams,Programming,Available
R0947,B0194,Move quickly expert,Daniel Cabrera,Computer Science,Available
R0948,B0093,Stage fact hour necessary they,Jamie Clark,History,Available
R0949,B0494,Week training serious speak,Teresa Williams,Programming,Available
R0950,B0055,Democrat career throughout particular,Douglas Camacho,History,Available
R0951,B0372,Those major,Rachael Stanley,Computer Science,Borrowed
R0952,B0103,Increase series citizen there boy,Jennifer Schmidt,Computer Science,Borrowed
R0953,B0193,Miss suddenly black company,Jessica Edwards,Literature,Borrowed
R0954,B0402,Gun boy building town just,Robert Bowers,History,Available
R0955,B0266,Increase floor night throughout,William Alexander,Computer Science,Borrowed
R0956,B0255,Sound day activity rate,Alexandra Tran,History,Available
R0957,B0162,Teacher management everyone smile order,Kaitlyn Mitchell,Literature,Available
R0958,B0235,Keep again suggest he,Richard Martin,History,Available
R0959,B0358,Happen company sense particularly,David Stanley,History,Available
R0960,B0346,Than someone next,Benjamin Mckenzie,Computer Science,Available
R0961,B0455,Art business human hospital,Thomas Heath,Artificial Intelligence,Available
R0962,B0456,Letter above cause,Michael Edwards,Mathematics,Available
R0963,B0356,Ahead piece fire,Stacy Carney,Mathematics,Available
R0964,B0359,Ability discover walk activity,Sara Fowler,Computer Science,Available
R0965,B0003,Set increase everyone,Laura Gonzalez,History,Available
R0966,B0379,Important property whose behind,Anthony Terrell,Artificial Intelligence,Available
R0967,B0166,Back economy,Bruce Kennedy,Computer Science,Available
R0968,B0457,Green which tax,Nicholas Dyer,Science,Available
R0969,B0220,Pattern message sense if,Arthur Cook,Literature,Available
R0970,B0424,Hotel maintain feel there,Angela Williams,Programming,Available
R0971,B0310,Could identify industry factor,Jennifer Gray,History,Available
R0972,B0383,Behind choose less spend,Katie Williams,Artificial Intelligence,Available
R0973,B0035,Available by surface staff avoid,Ruth Barber,Science,Available
R0974,B0491,Practice work,Debbie Pierce,Science,Available
R0975,B0233,Base population instead movement,Matthew Lee,Mathematics,Borrowed
R0976,B0430,Set outside campaign,Michael Morgan,Computer Science,Borrowed
R0977,B0070,Education shake,Kimberly Williams,Computer Science,Available
R0978,B0173,Military class view,William Moore Jr.,Science,Available
R0979,B0139,Mission expect forward,Donna Floyd,Programming,Available
R0980,B0415,Yet keep art where,Linda Weiss,Science,Available
R0981,B0466,Explain large mean base security,Maureen Galvan,Programming,Available
R0982,B0187,System peace yeah,Jennifer Cohen,History,Available
R0983,B0465,Eye deal drug,Matthew Adams,Science,Available
R0984,B0160,Finish country,Karen Roberson,Science,Available
R0985,B0345,Some peace anything reveal policy,Daniel Peterson,History,Borrowed
R0986,B0489,Tree make put,Shirley Hampton,Computer Science,Available
R0987,B0302,Small response option different,Robert Myers,History,Available
R0988,B0496,Say could visit,Evelyn Jensen,Artificial Intelligence,Available
R0989,B0234,Cost maintain difference stage,Christopher Poole,History,Available
R0990,B0432,Number give rule cause join,James Gutierrez,History,Available
R0991,B0499,Key family speech,Tara Powers,History,Available
R0992,B0478,Care record director reduce huge,Miranda Johnson,Computer Science,Available
R0993,B0046,Term realize which,Lucas Carter,Computer Science,Available
R0994,B0297,Site require method,Todd Wiggins,Literature,Available
R0995,B0078,Price care,Jon Cline,Literature,Available
R0996,B0496,Say could visit,Evelyn Jensen,Artificial Intelligence,Available
R0997,B0358,Happen company sense particularly,David Stanley,History,Available
R0998,B0103,Increase series citizen there boy,Jennifer Schmidt,Computer Science,Borrowed
R0999,B0147,We despite save available education,Michael Herrera,Literature,Available
R1000,B0253,All again somebody,Brandi Hawkins,Artificial Intelligence,Available
